id,first_name,last_name,email,gender,ip_address
1,Daniel,Slarke,dslarke0@cyberchimps.com,Male,42.196.236.62
2,Abeu,Oland,aoland1@dedecms.com,Male,101.85.198.70
3,Susanna,Morling,smorling2@jalbum.net,Female,61.177.4.195
4,Jephthah,Gorry,jgorry3@clickbank.net,Male,235.255.147.209
5,Saunderson,Jurkiewicz,sjurkiewicz4@dmoz.org,Male,102.25.99.132
6,Isidoro,Montel,imontel5@cpanel.net,Male,75.239.153.195
7,Patsy,Conneely,pconneely6@ocn.ne.jp,Female,235.66.71.55
8,Meridith,Bonhome,mbonhome7@jugem.jp,Female,129.104.245.34
9,Emilee,Caw,ecaw8@purevolume.com,Female,234.113.149.31
10,Fred,Gregol,fgregol9@ihg.com,Male,181.32.207.52
11,Aluin,Petrushanko,apetrushankoa@wisc.edu,Male,78.189.176.141
12,Elisha,Kropach,ekropachb@ehow.com,Male,249.223.248.185
13,Terrel,Hardesty,thardestyc@nationalgeographic.com,Male,143.219.102.45
14,Nikolos,Wardington,nwardingtond@wordpress.com,Male,242.111.44.112
15,Tabb,Talloe,ttalloee@google.nl,Male,209.135.170.66
16,Carolus,Lishmund,clishmundf@ask.com,Male,199.81.219.199
17,Ermanno,Probbings,eprobbingsg@addthis.com,Male,34.63.214.208
18,Delmor,Olenin,doleninh@canalblog.com,Non-binary,65.184.78.245
19,Cornall,Elphinston,celphinstoni@creativecommons.org,Male,13.127.115.98
20,Jud,Berni,jbernij@seesaa.net,Male,221.141.56.183
21,Tad,Springall,tspringallk@free.fr,Male,24.86.73.205
22,Randene,Cruse,rcrusel@addthis.com,Female,66.198.64.3
23,Merv,Gorler,mgorlerm@soundcloud.com,Male,68.15.233.175
24,Wallie,Frogley,wfrogleyn@lycos.com,Female,148.45.1.124
25,Derby,Haug,dhaugo@timesonline.co.uk,Male,159.103.14.148
26,Sara,Duigenan,sduigenanp@xrea.com,Female,72.210.39.197
27,Ettie,Treharne,etreharneq@alexa.com,Female,205.152.61.71
28,Susanna,Blune,sbluner@cloudflare.com,Female,166.101.122.20
29,Inness,Lindenboim,ilindenboims@bizjournals.com,Male,104.58.13.204
30,Clement,Rudd,cruddt@51.la,Male,155.190.94.139
31,Ninnetta,Moyles,nmoylesu@blogs.com,Female,209.197.27.93
32,Selma,Barson,sbarsonv@utexas.edu,Bigender,222.136.17.38
33,Wyn,Shorland,wshorlandw@prnewswire.com,Male,196.69.215.100
34,Dru,Easom,deasomx@moonfruit.com,Female,40.85.151.243
35,Iago,Gabites,igabitesy@ucsd.edu,Male,131.255.53.60
36,Row,Liddle,rliddlez@nature.com,Female,9.51.165.80
37,Edy,David,edavid10@google.com.hk,Female,237.34.3.47
38,Dominique,Dell'Abbate,ddellabbate11@nba.com,Female,52.124.144.251
39,Gearard,Kornyakov,gkornyakov12@bravesites.com,Male,27.133.61.247
40,Raye,Knoles,rknoles13@friendfeed.com,Female,221.101.125.60
41,Kelsi,Depka,kdepka14@tripod.com,Agender,37.180.83.109
42,Anissa,Klebes,aklebes15@nymag.com,Female,98.140.172.83
43,Beth,Makinson,bmakinson16@studiopress.com,Female,120.46.223.31
44,Gareth,Macknish,gmacknish17@shinystat.com,Male,173.19.132.149
45,Toby,Benn,tbenn18@ning.com,Female,242.195.3.176
46,Ellynn,Wordsworth,ewordsworth19@cafepress.com,Female,44.227.96.91
47,Lora,Patis,lpatis1a@posterous.com,Female,66.241.221.200
48,Stoddard,Flaune,sflaune1b@domainmarket.com,Female,221.50.52.128
49,Rosamund,Twigger,rtwigger1c@arizona.edu,Female,207.133.93.39
50,Ellery,Lawson,elawson1d@skyrock.com,Polygender,85.188.106.194
51,Brandon,Potten,bpotten1e@quantcast.com,Male,226.156.77.123
52,Modestine,Kingsnod,mkingsnod1f@chron.com,Female,5.188.198.126
53,Karoly,Rowston,krowston1g@drupal.org,Female,153.0.189.136
54,Cassondra,Hanhart,chanhart1h@gravatar.com,Female,160.47.202.253
55,Benjie,Pughe,bpughe1i@livejournal.com,Male,106.178.237.7
56,Olivier,Narracott,onarracott1j@ezinearticles.com,Male,130.45.60.145
57,Fowler,Cuddehay,fcuddehay1k@businessinsider.com,Male,128.240.226.140
58,Fedora,Krzysztof,fkrzysztof1l@telegraph.co.uk,Female,172.249.134.28
59,Gunner,Blazewski,gblazewski1m@posterous.com,Male,83.124.226.225
60,Luciano,Zeal,lzeal1n@apple.com,Agender,240.91.44.143
61,Ric,Dripps,rdripps1o@posterous.com,Non-binary,234.121.183.143
62,Torr,Snedden,tsnedden1p@chicagotribune.com,Male,117.162.143.120
63,Elvis,Dorward,edorward1q@is.gd,Male,15.45.203.44
64,Bernhard,Hartigan,bhartigan1r@craigslist.org,Male,213.121.51.0
65,Ethyl,McCarthy,emccarthy1s@spiegel.de,Female,34.92.144.2
66,Giana,Oakshott,goakshott1t@tinypic.com,Female,180.0.133.242
67,Scarface,McLeary,smcleary1u@reverbnation.com,Male,229.199.118.27
68,Evita,Wearn,ewearn1v@printfriendly.com,Female,121.127.84.111
69,Sheffield,Labeuil,slabeuil1w@answers.com,Male,211.157.81.249
70,Hanan,Austen,hausten1x@economist.com,Male,9.223.182.209
71,Coletta,Willshaw,cwillshaw1y@miitbeian.gov.cn,Female,194.52.248.141
72,Etheline,Kleinhaus,ekleinhaus1z@comcast.net,Female,80.17.185.227
73,Jule,Pearne,jpearne20@bbc.co.uk,Genderfluid,204.232.50.11
74,Isidore,Abell,iabell21@yellowpages.com,Male,231.91.232.12
75,Maribelle,Rennard,mrennard22@samsung.com,Female,96.41.102.222
76,Phillida,Vasenin,pvasenin23@wordpress.com,Female,150.106.155.162
77,Ralph,Keele,rkeele24@blogs.com,Male,15.126.166.63
78,Minnaminnie,Champniss,mchampniss25@forbes.com,Female,27.193.43.12
79,Craggie,De Simone,cdesimone26@google.pl,Male,250.159.28.133
80,Hadley,Shambrook,hshambrook27@vk.com,Male,56.176.230.24
81,Man,Fenners,mfenners28@xinhuanet.com,Male,167.140.147.40
82,Ber,Borles,bborles29@boston.com,Male,107.193.36.56
83,Mortimer,McDavid,mmcdavid2a@bloglovin.com,Male,87.18.67.203
84,Tris,Viscovi,tviscovi2b@topsy.com,Male,203.190.188.222
85,Roman,Huckleby,rhuckleby2c@hc360.com,Male,37.157.177.139
86,Hildegaard,MacCallam,hmaccallam2d@independent.co.uk,Female,23.114.62.180
87,Maison,Lashmore,mlashmore2e@va.gov,Male,124.114.148.54
88,Tome,Stollsteiner,tstollsteiner2f@upenn.edu,Male,39.52.20.148
89,Liza,MacNally,lmacnally2g@ihg.com,Female,19.5.209.165
90,Derry,Klimentyev,dklimentyev2h@telegraph.co.uk,Male,7.53.72.147
91,Obadiah,Al Hirsi,oalhirsi2i@netscape.com,Male,196.113.7.155
92,Anton,Bengall,abengall2j@ebay.co.uk,Male,129.36.86.182
93,Harman,Oxherd,hoxherd2k@latimes.com,Male,51.44.135.102
94,Robert,Kocher,rkocher2l@sciencedaily.com,Male,163.152.129.197
95,Alyse,Westmancoat,awestmancoat2m@icq.com,Female,117.49.26.68
96,Gerard,Parren,gparren2n@java.com,Male,167.61.142.133
97,Bronson,Cronin,bcronin2o@cpanel.net,Male,68.207.108.176
98,Alleen,Ropert,aropert2p@newsvine.com,Female,135.30.189.67
99,Olivie,Gregoli,ogregoli2q@weibo.com,Female,249.193.126.118
100,Eada,Whimp,ewhimp2r@google.de,Female,205.22.74.55
101,Francklyn,Gavrielli,fgavrielli2s@wordpress.com,Male,2.25.21.107
102,Godfrey,Grainger,ggrainger2t@stumbleupon.com,Male,16.80.227.11
103,Odelinda,Garlee,ogarlee2u@pbs.org,Female,193.193.233.199
104,Jerrine,Accomb,jaccomb2v@webeden.co.uk,Female,227.40.27.97
105,Vernor,Carthew,vcarthew2w@delicious.com,Male,255.32.107.57
106,Aldwin,Roche,aroche2x@nytimes.com,Male,33.117.83.35
107,Wendall,Poschel,wposchel2y@ebay.com,Non-binary,82.166.110.164
108,Audre,Crolla,acrolla2z@exblog.jp,Female,112.183.100.225
109,Bendicty,Corinton,bcorinton30@nps.gov,Male,142.29.15.110
110,Averil,Beaton,abeaton31@blogs.com,Male,22.59.137.196
111,Leupold,Best,lbest32@unblog.fr,Male,53.202.137.127
112,Oralee,Wissby,owissby33@columbia.edu,Female,43.197.133.154
113,Lester,Ianno,lianno34@bbc.co.uk,Male,8.221.156.127
114,Shari,Greenham,sgreenham35@baidu.com,Agender,247.169.184.215
115,Nealy,Housen,nhousen36@goo.gl,Male,77.126.251.178
116,Benyamin,Mundy,bmundy37@samsung.com,Male,59.155.136.92
117,Sigfrid,Renard,srenard38@dailymotion.com,Male,134.13.18.100
118,Cort,Whiskerd,cwhiskerd39@livejournal.com,Genderqueer,49.215.88.176
119,Jeanette,Grain,jgrain3a@huffingtonpost.com,Female,18.38.93.12
120,Erhart,Gordge,egordge3b@shutterfly.com,Male,186.210.250.137
121,Erskine,Lofting,elofting3c@reverbnation.com,Male,24.159.134.174
122,Ermin,Brasher,ebrasher3d@abc.net.au,Male,56.254.188.140
123,Dare,Brumwell,dbrumwell3e@unblog.fr,Male,159.148.5.149
124,Marnia,Quinn,mquinn3f@businessinsider.com,Agender,6.78.20.85
125,Jean,Aronowicz,jaronowicz3g@bigcartel.com,Female,33.3.131.147
126,Gerek,MacGibbon,gmacgibbon3h@parallels.com,Bigender,199.211.31.84
127,Hank,Lamb,hlamb3i@usatoday.com,Male,51.167.225.71
128,Dotty,Bilovsky,dbilovsky3j@topsy.com,Female,193.31.171.120
129,Rossie,Cleynaert,rcleynaert3k@princeton.edu,Male,163.54.197.7
130,Rolf,Crosoer,rcrosoer3l@nytimes.com,Male,18.222.124.101
131,Marilin,Lezemore,mlezemore3m@dot.gov,Female,4.63.110.216
132,Leigh,McGillicuddy,lmcgillicuddy3n@ehow.com,Female,139.23.131.73
133,Leeann,Hendren,lhendren3o@smh.com.au,Female,75.224.44.134
134,Mariellen,Atlay,matlay3p@jigsy.com,Female,240.172.66.121
135,Ulrich,Daniely,udaniely3q@bluehost.com,Male,48.103.195.41
136,Giavani,Finney,gfinney3r@engadget.com,Agender,101.151.193.11
137,Pedro,Cluff,pcluff3s@odnoklassniki.ru,Male,44.183.12.57
138,Dannel,Milnthorpe,dmilnthorpe3t@prweb.com,Male,199.80.177.138
139,Hunt,Blaker,hblaker3u@chron.com,Male,41.37.101.157
140,Gregor,Sheer,gsheer3v@topsy.com,Male,208.235.105.4
141,Agathe,Fawks,afawks3w@theatlantic.com,Female,110.206.129.117
142,Hi,McNally,hmcnally3x@squidoo.com,Male,124.149.173.189
143,Perry,Simms,psimms3y@livejournal.com,Female,217.61.21.63
144,Robers,Pantecost,rpantecost3z@mlb.com,Male,85.97.243.193
145,Gael,Figurski,gfigurski40@com.com,Male,250.186.185.223
146,Zacharia,Urlich,zurlich41@ed.gov,Male,205.125.85.18
147,Tristan,Beltzner,tbeltzner42@google.fr,Male,80.209.93.112
148,Darwin,Crighten,dcrighten43@usgs.gov,Male,12.239.22.175
149,Royce,Plevin,rplevin44@friendfeed.com,Male,5.106.39.129
150,Xerxes,Andreoletti,xandreoletti45@elegantthemes.com,Male,29.223.43.27
151,Dido,Dybell,ddybell46@ask.com,Female,207.32.28.231
152,Ibbie,Wallbridge,iwallbridge47@cnn.com,Female,6.76.40.43
153,Lockwood,Fetherston,lfetherston48@sciencedirect.com,Male,179.48.249.109
154,Gun,Ivanovic,givanovic49@live.com,Male,213.65.174.17
155,Will,Fetherstan,wfetherstan4a@state.tx.us,Male,214.63.205.251
156,Annelise,Innott,ainnott4b@wikispaces.com,Female,91.146.227.161
157,Lorenzo,Treace,ltreace4c@economist.com,Male,129.148.141.188
158,Stephan,Trobe,strobe4d@cornell.edu,Male,37.229.168.160
159,Retha,Leverentz,rleverentz4e@163.com,Female,126.15.62.222
160,Fons,Cowton,fcowton4f@auda.org.au,Male,139.168.42.166
161,Wain,Toffler,wtoffler4g@baidu.com,Male,126.90.14.233
162,Aurie,Brunini,abrunini4h@whitehouse.gov,Female,216.217.87.71
163,Julius,Kirkpatrick,jkirkpatrick4i@sciencedirect.com,Male,254.122.171.19
164,Nikolaos,Trenbey,ntrenbey4j@examiner.com,Male,1.7.233.245
165,Samson,Karys,skarys4k@mashable.com,Male,148.128.86.138
166,Darelle,Janiszewski,djaniszewski4l@dailymotion.com,Female,84.58.238.184
167,Axe,Lydiate,alydiate4m@symantec.com,Male,72.151.148.14
168,Murielle,Frearson,mfrearson4n@ebay.co.uk,Female,254.241.74.47
169,Ida,Horrod,ihorrod4o@delicious.com,Female,255.213.228.152
170,Aloin,Ovendon,aovendon4p@themeforest.net,Male,167.153.149.183
171,Joelle,McGiffie,jmcgiffie4q@networkadvertising.org,Female,107.58.248.149
172,Othilie,Branno,obranno4r@tripadvisor.com,Female,70.64.32.157
173,Piggy,Barbery,pbarbery4s@slashdot.org,Male,38.97.1.70
174,Lilyan,Wines,lwines4t@google.cn,Genderfluid,167.95.21.100
175,Franklyn,Trevett,ftrevett4u@github.com,Genderqueer,250.94.199.207
176,Tamiko,Gartell,tgartell4v@cyberchimps.com,Genderfluid,178.179.66.53
177,Alysia,Farrant,afarrant4w@hostgator.com,Female,117.147.58.80
178,Fraze,Messier,fmessier4x@google.com.au,Polygender,253.85.255.88
179,Leigh,Haycock,lhaycock4y@theatlantic.com,Male,234.94.129.196
180,Sanford,Crawforth,scrawforth4z@smugmug.com,Male,40.232.129.255
181,Stafani,Hemphall,shemphall50@ihg.com,Female,64.25.121.242
182,Rafa,Fawloe,rfawloe51@usda.gov,Polygender,160.25.18.80
183,Bernardo,McCambrois,bmccambrois52@uol.com.br,Male,9.144.96.213
184,Aldous,Roll,aroll53@hibu.com,Male,249.76.64.235
185,Emalia,Paynes,epaynes54@google.de,Female,49.181.27.99
186,Shari,Scurrey,sscurrey55@ftc.gov,Female,188.245.98.57
187,Odelle,Feltoe,ofeltoe56@mozilla.com,Female,161.51.165.221
188,Almeria,Kynvin,akynvin57@nature.com,Female,183.131.198.145
189,Kerry,Flear,kflear58@ifeng.com,Female,158.119.187.27
190,Brannon,Glenny,bglenny59@nydailynews.com,Male,175.164.239.76
191,Finn,Duesbury,fduesbury5a@elpais.com,Male,189.194.255.23
192,Toinette,Del Monte,tdelmonte5b@ehow.com,Female,202.160.220.223
193,Henrietta,Goady,hgoady5c@aboutads.info,Female,4.199.203.154
194,Sabine,Tew,stew5d@reverbnation.com,Female,3.0.244.34
195,Catherina,Parrin,cparrin5e@examiner.com,Female,97.68.241.178
196,Renell,Edmundson,redmundson5f@wordpress.org,Female,246.63.174.74
197,Carmina,Alphonso,calphonso5g@booking.com,Female,128.117.186.52
198,Rob,Braunfeld,rbraunfeld5h@aol.com,Male,101.206.23.125
199,Philomena,Campanelle,pcampanelle5i@ft.com,Genderfluid,149.34.227.251
200,Philis,Bullion,pbullion5j@earthlink.net,Female,99.154.141.223
201,Ingaberg,Pennicard,ipennicard5k@1688.com,Female,113.27.130.120
202,Burch,Huskinson,bhuskinson5l@sourceforge.net,Male,89.228.163.230
203,Sterling,Boulde,sboulde5m@freewebs.com,Male,110.254.144.196
204,Cathyleen,Kelby,ckelby5n@cpanel.net,Female,170.180.140.125
205,Calvin,Kubecka,ckubecka5o@go.com,Genderfluid,168.203.32.140
206,Nanni,Escolme,nescolme5p@dedecms.com,Female,222.202.189.214
207,Sidney,Mazzeo,smazzeo5q@xing.com,Male,37.17.33.53
208,Chris,Chorlton,cchorlton5r@ox.ac.uk,Female,200.184.96.254
209,Rubin,Golsworthy,rgolsworthy5s@dailymotion.com,Male,121.155.164.15
210,Karoline,Duignan,kduignan5t@china.com.cn,Female,161.37.204.32
211,Andreas,Baurerich,abaurerich5u@i2i.jp,Genderqueer,226.164.240.64
212,Kendre,Rubbert,krubbert5v@imgur.com,Female,174.194.131.127
213,Beitris,Ruggieri,bruggieri5w@patch.com,Female,139.86.255.129
214,Garvey,Metherell,gmetherell5x@odnoklassniki.ru,Male,55.39.209.40
215,Wayne,Schindler,wschindler5y@cocolog-nifty.com,Male,242.134.160.53
216,Novelia,Edmonds,nedmonds5z@naver.com,Female,190.207.98.21
217,Giles,Guidetti,gguidetti60@aol.com,Male,75.54.155.74
218,Fayre,Anthona,fanthona61@technorati.com,Female,56.239.192.38
219,Bayard,Rowston,browston62@indiegogo.com,Male,72.8.233.155
220,Ame,Tadman,atadman63@tumblr.com,Female,233.204.77.115
221,Allistir,Gurg,agurg64@shutterfly.com,Male,175.180.139.44
222,Iseabal,Looks,ilooks65@netlog.com,Female,0.29.161.112
223,Elias,Backwell,ebackwell66@yahoo.com,Male,102.77.166.105
224,Darnall,Commuzzo,dcommuzzo67@tripod.com,Male,187.42.147.146
225,Tucker,Troke,ttroke68@princeton.edu,Male,92.60.121.71
226,Gussie,Hames,ghames69@dion.ne.jp,Female,67.173.250.191
227,Morley,Spellsworth,mspellsworth6a@dedecms.com,Male,200.178.98.199
228,Antons,Sarre,asarre6b@redcross.org,Male,111.223.29.162
229,Ara,Vasyukhin,avasyukhin6c@canalblog.com,Female,58.188.42.167
230,Holt,Trafford,htrafford6d@tinyurl.com,Male,135.35.152.201
231,Adiana,Ainsley,aainsley6e@cam.ac.uk,Genderfluid,73.215.171.129
232,Stevana,Youde,syoude6f@ocn.ne.jp,Female,185.168.223.9
233,Phylis,Brisset,pbrisset6g@reverbnation.com,Female,50.170.218.252
234,Silvio,Padkin,spadkin6h@boston.com,Male,21.239.152.209
235,Irita,Springett,ispringett6i@amazonaws.com,Female,141.221.30.227
236,Meridith,Hugin,mhugin6j@twitter.com,Female,24.12.156.62
237,Prent,Blamey,pblamey6k@exblog.jp,Male,139.115.77.82
238,Ulrike,Belmont,ubelmont6l@si.edu,Female,53.59.61.135
239,Mendie,Merkel,mmerkel6m@wikipedia.org,Male,214.97.15.63
240,Carolynn,Celle,ccelle6n@booking.com,Female,215.178.234.100
241,Jerry,Vockings,jvockings6o@flavors.me,Male,252.101.221.163
242,Fremont,Keates,fkeates6p@omniture.com,Male,13.181.98.37
243,Coop,Briatt,cbriatt6q@arizona.edu,Male,37.121.178.240
244,Alidia,Calderonello,acalderonello6r@dailymotion.com,Female,17.73.6.112
245,Hersh,Guyan,hguyan6s@scientificamerican.com,Male,118.97.90.21
246,Catina,Diprose,cdiprose6t@goo.ne.jp,Female,237.108.150.19
247,Perry,Defraine,pdefraine6u@shinystat.com,Female,57.80.96.197
248,Diane,Mayger,dmayger6v@behance.net,Female,29.96.68.238
249,Zsa zsa,Berthot,zberthot6w@soup.io,Female,84.243.253.67
250,Barry,Isacq,bisacq6x@hao123.com,Male,252.44.161.209
251,Coraline,McTurlough,cmcturlough6y@cafepress.com,Female,74.86.172.93
252,Courtenay,Meineck,cmeineck6z@over-blog.com,Female,213.11.158.5
253,Melosa,Stocker,mstocker70@smugmug.com,Female,177.3.192.126
254,Louis,Waggett,lwaggett71@themeforest.net,Male,228.131.123.30
255,Junette,Wakley,jwakley72@t-online.de,Female,253.227.99.230
256,Lorenzo,Mangham,lmangham73@ft.com,Male,63.181.59.80
257,Kelley,Sagrott,ksagrott74@twitpic.com,Male,157.210.40.197
258,Horatio,Jaskiewicz,hjaskiewicz75@geocities.jp,Genderfluid,66.203.78.245
259,Damita,Povah,dpovah76@marriott.com,Female,15.252.115.90
260,Edgardo,Seiler,eseiler77@discuz.net,Male,57.46.83.100
261,Henderson,Race,hrace78@plala.or.jp,Male,247.111.127.66
262,Frederick,Willavoys,fwillavoys79@multiply.com,Male,81.93.82.41
263,Bea,Maddigan,bmaddigan7a@hatena.ne.jp,Female,53.63.127.6
264,Webb,Mation,wmation7b@macromedia.com,Male,24.206.30.234
265,Micaela,Cockson,mcockson7c@ameblo.jp,Female,1.222.229.244
266,Camala,McPeeters,cmcpeeters7d@dagondesign.com,Female,12.165.41.88
267,Zuzana,Hallagan,zhallagan7e@sbwire.com,Female,18.212.22.255
268,Desi,Tapin,dtapin7f@cnn.com,Male,85.180.219.176
269,Dore,Forryan,dforryan7g@japanpost.jp,Female,125.150.193.37
270,Ekaterina,Wilkes,ewilkes7h@icio.us,Female,213.208.184.8
271,Jedd,Noah,jnoah7i@dagondesign.com,Male,63.2.9.128
272,Francesca,Overbury,foverbury7j@ifeng.com,Female,4.170.92.115
273,Yovonnda,Jurries,yjurries7k@mapquest.com,Female,68.69.210.199
274,Zeb,Rimbault,zrimbault7l@umn.edu,Male,45.215.110.177
275,Skippie,Fullard,sfullard7m@usda.gov,Male,205.66.223.251
276,Paxton,Marsham,pmarsham7n@harvard.edu,Male,11.120.246.5
277,Spike,Cashley,scashley7o@google.ca,Male,218.50.254.120
278,Tawnya,Lassey,tlassey7p@sourceforge.net,Female,41.228.155.34
279,Meridel,Garrould,mgarrould7q@multiply.com,Female,148.214.65.240
280,Analiese,Florence,aflorence7r@google.it,Female,249.252.216.233
281,Anna,Ogg,aogg7s@lulu.com,Female,26.130.212.176
282,Letti,Stare,lstare7t@nationalgeographic.com,Female,164.63.194.149
283,Osborne,Ofer,oofer7u@ehow.com,Male,28.109.27.202
284,Glynn,Giovanitti,ggiovanitti7v@blogtalkradio.com,Male,183.85.136.28
285,Leora,Lydall,llydall7w@addthis.com,Bigender,4.54.68.138
286,Yank,Peidro,ypeidro7x@arstechnica.com,Male,167.233.149.198
287,Dom,Kuhnwald,dkuhnwald7y@reddit.com,Polygender,187.126.65.110
288,Fletch,Duce,fduce7z@naver.com,Male,31.9.110.55
289,Liva,Itzkovitch,litzkovitch80@ed.gov,Female,238.154.44.19
290,Patrizius,Extill,pextill81@naver.com,Bigender,122.180.144.219
291,Pete,Balme,pbalme82@toplist.cz,Male,92.222.164.150
292,Janaye,Pateman,jpateman83@gizmodo.com,Female,99.134.243.192
293,Yvonne,Sandbrook,ysandbrook84@yandex.ru,Female,33.168.248.174
294,Rogerio,Collcott,rcollcott85@stumbleupon.com,Male,240.98.20.158
295,Doyle,MacComiskey,dmaccomiskey86@guardian.co.uk,Male,20.225.22.90
296,Ruthie,Figures,rfigures87@google.ru,Female,40.197.250.145
297,Althea,Pallasch,apallasch88@joomla.org,Genderfluid,66.25.220.84
298,Cherie,Coppeard,ccoppeard89@nsw.gov.au,Female,25.210.52.29
299,Federica,Tregea,ftregea8a@npr.org,Female,52.7.38.129
300,Esmaria,Mepham,emepham8b@cisco.com,Female,139.91.188.124
301,Emmalynn,Robjohns,erobjohns8c@rambler.ru,Genderfluid,235.173.53.181
302,Fanya,Rolfs,frolfs8d@ning.com,Female,181.73.161.2
303,Evita,Gonzalez,egonzalez8e@360.cn,Female,56.17.184.217
304,Jannel,Capes,jcapes8f@intel.com,Female,230.22.1.44
305,Joeann,Thunder,jthunder8g@umn.edu,Female,89.53.216.62
306,Rollins,Stubbe,rstubbe8h@prnewswire.com,Male,253.23.247.4
307,Barthel,Garret,bgarret8i@chron.com,Male,69.58.43.65
308,Edmon,Bracknell,ebracknell8j@bbc.co.uk,Male,48.0.229.105
309,Sabrina,Whittleton,swhittleton8k@unesco.org,Polygender,233.25.14.225
310,Averil,Wooles,awooles8l@nature.com,Genderqueer,46.87.186.226
311,Emlen,Spier,espier8m@geocities.jp,Male,124.123.75.182
312,Howard,Ossipenko,hossipenko8n@yale.edu,Male,234.161.25.107
313,Nyssa,Spradbrow,nspradbrow8o@fotki.com,Female,72.89.164.197
314,Beilul,Coombe,bcoombe8p@nsw.gov.au,Female,147.99.139.120
315,Giulio,Coggon,gcoggon8q@virginia.edu,Male,151.14.217.155
316,Haskel,Selbach,hselbach8r@whitehouse.gov,Male,64.73.88.118
317,Chere,Rossetti,crossetti8s@about.me,Female,36.174.57.202
318,Starr,Rankcom,srankcom8t@nytimes.com,Female,129.127.170.179
319,Jefferson,Alston,jalston8u@myspace.com,Male,49.141.236.183
320,Amalia,Hickford,ahickford8v@xrea.com,Female,232.60.148.10
321,Rose,Madner,rmadner8w@smugmug.com,Female,25.140.29.181
322,Cesya,Newlin,cnewlin8x@pbs.org,Genderfluid,128.80.181.169
323,Matthiew,Connachan,mconnachan8y@prlog.org,Genderqueer,221.69.117.207
324,Betteann,Bickerton,bbickerton8z@elegantthemes.com,Female,32.43.252.154
325,Quincy,Fayre,qfayre90@craigslist.org,Male,46.17.107.237
326,Raeann,Sarton,rsarton91@independent.co.uk,Female,182.219.14.63
327,Tatiana,Mawford,tmawford92@dropbox.com,Female,79.6.230.103
328,Frederico,Wasbey,fwasbey93@earthlink.net,Genderqueer,186.191.230.164
329,Mortie,Flieger,mflieger94@china.com.cn,Male,180.218.39.50
330,Maura,Crowe,mcrowe95@angelfire.com,Female,103.184.60.250
331,Petronilla,Balfe,pbalfe96@about.com,Female,141.88.151.4
332,Sutherlan,Hartill,shartill97@skyrock.com,Male,68.111.181.238
333,Ania,Duesbury,aduesbury98@toplist.cz,Female,249.126.161.249
334,Colline,Durnall,cdurnall99@independent.co.uk,Female,92.3.136.224
335,Maegan,Brabant,mbrabant9a@twitpic.com,Female,187.7.189.241
336,Silas,De Carteret,sdecarteret9b@vkontakte.ru,Male,144.79.23.153
337,Floyd,Matthews,fmatthews9c@apache.org,Male,204.101.52.244
338,Augusta,MacArthur,amacarthur9d@sciencedaily.com,Female,56.56.11.153
339,Aymer,Yegorchenkov,ayegorchenkov9e@hc360.com,Male,80.135.63.212
340,Cully,Dislee,cdislee9f@yellowbook.com,Male,207.178.173.94
341,Mitzi,Kennagh,mkennagh9g@diigo.com,Female,161.45.14.161
342,Annalise,Chmarny,achmarny9h@posterous.com,Female,11.73.16.166
343,Joye,Claiden,jclaiden9i@surveymonkey.com,Female,216.207.161.81
344,Thorin,Jacomb,tjacomb9j@w3.org,Non-binary,203.178.155.135
345,Bernie,Scolli,bscolli9k@biblegateway.com,Female,91.12.82.195
346,Ailyn,Pren,apren9l@uiuc.edu,Female,250.139.215.74
347,Dolf,Leggis,dleggis9m@istockphoto.com,Male,252.137.131.24
348,Lilyan,Pyrke,lpyrke9n@time.com,Female,168.46.167.39
349,Deborah,Simmens,dsimmens9o@msn.com,Female,66.125.135.68
350,Romain,Tuffs,rtuffs9p@adobe.com,Male,128.41.165.43
351,Branden,McCathy,bmccathy9q@google.com,Male,81.87.186.51
352,Magda,Eliyahu,meliyahu9r@vkontakte.ru,Female,55.62.51.147
353,Linda,Keen,lkeen9s@google.ca,Polygender,68.170.184.97
354,Bernadette,Aubury,baubury9t@t.co,Female,72.2.105.168
355,Mallorie,Craggs,mcraggs9u@omniture.com,Female,62.112.127.142
356,Jason,Hischke,jhischke9v@smh.com.au,Male,225.164.185.10
357,Kelbee,Papes,kpapes9w@bbc.co.uk,Male,145.170.203.50
358,Marwin,Maguire,mmaguire9x@ning.com,Male,220.126.44.98
359,Piotr,Clabburn,pclabburn9y@reverbnation.com,Male,159.241.112.42
360,Shauna,Pickerin,spickerin9z@time.com,Female,157.132.103.157
361,Mart,Swaddle,mswaddlea0@t.co,Male,19.42.191.76
362,Audry,Delacour,adelacoura1@cyberchimps.com,Female,12.240.135.195
363,Hedda,Aldridge,haldridgea2@umich.edu,Female,18.17.19.158
364,Shell,Bourdis,sbourdisa3@adobe.com,Female,255.186.98.168
365,Bengt,Kuhlen,bkuhlena4@twitter.com,Male,1.77.35.136
366,Naomi,Cail,ncaila5@jalbum.net,Female,88.241.240.121
367,Juliet,Calliss,jcallissa6@mozilla.com,Female,58.33.133.142
368,Camille,Bockin,cbockina7@vinaora.com,Female,230.77.64.208
369,Abby,Repp,areppa8@sohu.com,Male,182.167.61.52
370,Jules,Tassell,jtassella9@t-online.de,Male,234.209.27.246
371,Janel,Collopy,jcollopyaa@symantec.com,Female,142.249.241.45
372,Susette,Witcherley,switcherleyab@miibeian.gov.cn,Female,120.37.152.137
373,Sarena,Skypp,sskyppac@wired.com,Female,187.17.77.249
374,Chrisse,Melloi,cmelloiad@yolasite.com,Male,60.86.243.124
375,Burke,Yvens,byvensae@goodreads.com,Male,103.39.155.51
376,Dyann,Weinmann,dweinmannaf@trellian.com,Female,49.222.5.21
377,Jarid,Lygoe,jlygoeag@php.net,Male,83.17.192.217
378,Izaak,Dowsett,idowsettah@nymag.com,Male,134.202.248.36
379,Oralia,Durden,odurdenai@irs.gov,Female,38.18.180.191
380,Everard,Hastler,ehastleraj@arstechnica.com,Male,223.98.147.240
381,Babbie,Gatlin,bgatlinak@biblegateway.com,Female,24.215.242.170
382,Malachi,Grimmett,mgrimmettal@indiegogo.com,Male,231.64.10.174
383,Enrique,Oxlade,eoxladeam@amazon.co.jp,Male,182.16.177.213
384,Rodrigo,Belliss,rbellissan@skype.com,Male,201.101.106.150
385,Stephanie,Stedall,sstedallao@foxnews.com,Female,243.141.187.138
386,Ellene,Cundey,ecundeyap@dailymotion.com,Non-binary,157.212.19.38
387,Danya,Bertomeu,dbertomeuaq@a8.net,Genderfluid,171.111.110.235
388,Cary,Manderson,cmandersonar@nationalgeographic.com,Male,146.113.90.187
389,Deena,Feldhuhn,dfeldhuhnas@netvibes.com,Female,200.78.221.59
390,Marmaduke,Cansdall,mcansdallat@creativecommons.org,Male,75.65.240.129
391,Ikey,Martinello,imartinelloau@mayoclinic.com,Male,120.108.43.135
392,Cassandra,Ridgley,cridgleyav@nyu.edu,Female,206.212.193.243
393,Roby,Palfreeman,rpalfreemanaw@china.com.cn,Female,157.225.237.132
394,Missy,Darrell,mdarrellax@google.com.br,Female,219.129.14.7
395,Lin,Kasperski,lkasperskiay@utexas.edu,Female,25.99.192.173
396,Geordie,Wordsworth,gwordsworthaz@csmonitor.com,Male,160.149.123.90
397,Claudius,Laste,clasteb0@slate.com,Male,28.21.203.51
398,Francoise,Geratt,fgerattb1@army.mil,Agender,67.114.205.221
399,Hillard,Carstairs,hcarstairsb2@jugem.jp,Male,172.105.153.255
400,Elise,Wallice,ewalliceb3@techcrunch.com,Female,146.79.9.188
401,Dagny,Roels,droelsb4@hubpages.com,Bigender,214.45.234.94
402,Annabelle,MacAscaidh,amacascaidhb5@mysql.com,Female,122.227.1.39
403,Charlton,Castell,ccastellb6@nsw.gov.au,Male,253.209.174.24
404,Alvis,Biggar,abiggarb7@nymag.com,Male,14.38.36.204
405,Mike,Slimming,mslimmingb8@pinterest.com,Male,206.73.108.198
406,Cosette,Finlator,cfinlatorb9@aol.com,Female,172.60.21.243
407,Allistir,Fermer,afermerba@mysql.com,Male,117.59.62.28
408,Jerome,Thrower,jthrowerbb@blinklist.com,Male,179.240.80.198
409,Cherye,Arnhold,carnholdbc@biblegateway.com,Female,163.8.254.240
410,Rem,Westpfel,rwestpfelbd@dot.gov,Male,149.208.39.23
411,Bryanty,Cottesford,bcottesfordbe@amazon.co.jp,Male,59.90.165.28
412,Neda,Braiden,nbraidenbf@w3.org,Female,141.188.150.238
413,Lorie,Augar,laugarbg@clickbank.net,Female,233.11.212.193
414,Parry,Kayser,pkayserbh@nifty.com,Male,253.134.45.1
415,Price,Emlen,pemlenbi@theglobeandmail.com,Agender,88.47.70.252
416,Clerc,Heymann,cheymannbj@reuters.com,Male,187.176.10.25
417,Celle,Crickmoor,ccrickmoorbk@taobao.com,Female,24.9.147.215
418,Torey,Bracher,tbracherbl@tripod.com,Female,223.62.184.227
419,Nicol,Ingarfill,ningarfillbm@cnet.com,Female,22.181.74.211
420,Glynn,Trusse,gtrussebn@msn.com,Male,128.205.217.113
421,Anthony,Spirit,aspiritbo@dell.com,Male,132.186.249.137
422,Maxie,Beagin,mbeaginbp@wp.com,Bigender,165.207.130.141
423,Fabien,Mattson,fmattsonbq@answers.com,Non-binary,210.82.131.143
424,Karim,Tree,ktreebr@google.fr,Male,169.57.63.219
425,Aldridge,Falks,afalksbs@abc.net.au,Male,155.223.6.249
426,Roseann,Vela,rvelabt@ning.com,Female,232.237.193.128
427,Kippie,Strute,kstrutebu@amazon.co.uk,Male,118.67.80.78
428,Den,Gummary,dgummarybv@indiatimes.com,Male,99.87.193.121
429,Karol,Keyser,kkeyserbw@bbc.co.uk,Genderfluid,209.108.53.1
430,Harley,Maxweell,hmaxweellbx@xinhuanet.com,Female,179.115.244.81
431,Leigha,Bettles,lbettlesby@ftc.gov,Genderfluid,29.246.110.162
432,Kristina,O'Looney,kolooneybz@blog.com,Female,82.110.73.181
433,Ermengarde,Grishmanov,egrishmanovc0@wp.com,Female,191.56.102.193
434,Karalynn,Hebden,khebdenc1@arstechnica.com,Female,124.71.165.228
435,Rees,Wain,rwainc2@wunderground.com,Male,91.172.246.230
436,Crichton,Francke,cfranckec3@fastcompany.com,Male,60.65.53.76
437,Hulda,Bachura,hbachurac4@51.la,Female,117.199.146.100
438,Alexis,Aubrun,aaubrunc5@spiegel.de,Female,39.67.195.135
439,Inglebert,Stanger,istangerc6@bluehost.com,Male,214.137.30.193
440,Leta,Seilmann,lseilmannc7@naver.com,Female,241.124.196.239
441,Mano,Strotone,mstrotonec8@drupal.org,Male,172.100.141.202
442,Windy,Benardette,wbenardettec9@ycombinator.com,Female,77.90.180.166
443,Devora,Sodory,dsodoryca@businessweek.com,Female,50.113.81.68
444,Troy,Wogdon,twogdoncb@odnoklassniki.ru,Bigender,86.246.253.133
445,Jeromy,Aggas,jaggascc@ovh.net,Male,48.115.141.31
446,Mark,Bosenworth,mbosenworthcd@cbc.ca,Male,4.22.251.229
447,Christiane,Spender,cspenderce@squidoo.com,Female,246.48.64.183
448,Bendite,Hurkett,bhurkettcf@latimes.com,Female,29.165.216.28
449,Jedidiah,Levine,jlevinecg@samsung.com,Male,79.30.159.237
450,Wenona,Mitrovic,wmitrovicch@devhub.com,Non-binary,225.97.70.127
451,Trula,Erswell,terswellci@tamu.edu,Female,119.140.189.235
452,Arturo,Goggen,agoggencj@flavors.me,Male,99.116.97.21
453,Lawry,Terbrugge,lterbruggeck@illinois.edu,Male,111.123.134.154
454,Feodor,Thal,fthalcl@cbsnews.com,Male,254.223.116.103
455,Daron,Cowdery,dcowderycm@guardian.co.uk,Female,38.242.252.178
456,Jone,Frill,jfrillcn@google.fr,Male,239.118.205.246
457,Vlad,Marcroft,vmarcroftco@earthlink.net,Male,192.10.41.180
458,Sari,Millott,smillottcp@examiner.com,Female,108.150.42.58
459,Edwin,McKyrrelly,emckyrrellycq@buzzfeed.com,Male,102.181.182.139
460,Maxi,Toffetto,mtoffettocr@paginegialle.it,Female,115.210.245.210
461,Jacob,Davidsson,jdavidssoncs@oaic.gov.au,Male,179.125.139.59
462,Mandy,Parlour,mparlourct@printfriendly.com,Female,41.252.171.99
463,Donall,Belchamp,dbelchampcu@ask.com,Male,216.143.80.238
464,Lexie,Eldridge,leldridgecv@noaa.gov,Female,166.52.195.117
465,Jacki,Koppens,jkoppenscw@nih.gov,Female,202.88.121.255
466,Glyn,Barrie,gbarriecx@redcross.org,Male,72.152.231.162
467,Bordy,Crothers,bcrotherscy@cargocollective.com,Male,252.212.228.133
468,Rudolf,Doumer,rdoumercz@topsy.com,Male,19.173.160.172
469,Bryn,Nazer,bnazerd0@xing.com,Female,40.25.179.10
470,Emelda,Riste,eristed1@instagram.com,Genderfluid,145.137.36.61
471,Coop,Turley,cturleyd2@slate.com,Male,152.160.191.188
472,Allie,Williams,awilliamsd3@nymag.com,Female,184.99.244.145
473,Pat,Finicj,pfinicjd4@ycombinator.com,Female,231.235.205.207
474,Egan,Wagge,ewagged5@bing.com,Male,102.211.248.165
475,Tracee,Birckmann,tbirckmannd6@hud.gov,Female,130.43.106.34
476,Heinrik,Stirland,hstirlandd7@flavors.me,Male,32.40.53.50
477,Hughie,Streader,hstreaderd8@youtu.be,Male,14.205.159.131
478,Taite,Coldbreath,tcoldbreathd9@diigo.com,Male,6.171.100.118
479,Maurie,Andren,mandrenda@pbs.org,Male,42.145.29.20
480,Curr,Rayer,crayerdb@goo.ne.jp,Male,139.66.81.209
481,Lanette,Sime,lsimedc@google.nl,Female,137.229.221.218
482,Paten,Vasler,pvaslerdd@who.int,Male,132.140.246.147
483,Alfonse,Stevens,astevensde@xing.com,Male,4.81.57.51
484,Irene,Somersett,isomersettdf@bing.com,Female,16.230.82.147
485,Wayland,Dyka,wdykadg@tripod.com,Male,30.193.250.225
486,Esmaria,Guiraud,eguirauddh@vimeo.com,Female,217.24.8.133
487,Goldarina,Howle,ghowledi@oakley.com,Female,126.5.249.254
488,Loise,Bergen,lbergendj@dropbox.com,Polygender,219.1.29.206
489,Berty,McGenis,bmcgenisdk@wordpress.org,Bigender,0.139.50.209
490,Ginelle,MacKereth,gmackerethdl@de.vu,Female,199.19.47.145
491,Halley,Dragoe,hdragoedm@va.gov,Female,160.76.111.23
492,Vanya,Spillett,vspillettdn@cpanel.net,Male,105.196.17.9
493,Auria,O'Shields,aoshieldsdo@storify.com,Female,157.42.52.221
494,Keith,Premble,kprembledp@zimbio.com,Male,38.233.43.222
495,Staffard,Houldey,shouldeydq@tmall.com,Male,180.122.80.171
496,El,Gertz,egertzdr@jigsy.com,Male,21.119.254.149
497,Fernanda,Huge,fhugeds@nationalgeographic.com,Female,32.29.205.90
498,Florida,Reeks,freeksdt@blinklist.com,Female,25.221.167.186
499,Kira,Lalley,klalleydu@merriam-webster.com,Genderqueer,90.238.112.19
500,Gerri,Foottit,gfoottitdv@google.ru,Female,12.51.237.213
501,Merwin,Willis,mwillisdw@shinystat.com,Agender,156.229.160.240
502,Sibylla,Mahoney,smahoneydx@washington.edu,Female,141.255.69.223
503,Benson,Cantera,bcanterady@thetimes.co.uk,Male,249.255.129.13
504,Inness,Ianittello,iianittellodz@weibo.com,Male,88.12.173.170
505,Georas,Marie,gmariee0@epa.gov,Male,241.110.102.135
506,Ermanno,Aleshintsev,ealeshintseve1@google.co.jp,Male,91.193.158.114
507,Townie,Filippello,tfilippelloe2@sogou.com,Male,247.4.200.129
508,Wash,Patton,wpattone3@dagondesign.com,Male,60.87.149.194
509,Maximilien,Jelleman,mjellemane4@nationalgeographic.com,Male,70.148.49.136
510,Anny,Vasyushkhin,avasyushkhine5@businesswire.com,Female,115.28.130.136
511,Genevieve,Andrez,gandreze6@fda.gov,Female,177.166.207.217
512,Wainwright,Jenicke,wjenickee7@rakuten.co.jp,Male,124.78.244.164
513,Carline,Luppitt,cluppitte8@joomla.org,Female,9.28.13.161
514,Klara,Rostern,krosterne9@yolasite.com,Female,196.182.230.55
515,Ozzy,Basillon,obasillonea@google.co.uk,Male,86.252.126.230
516,Gay,Farlane,gfarlaneeb@blinklist.com,Female,52.20.217.16
517,Orlando,Cartmer,ocartmerec@nasa.gov,Male,101.192.79.158
518,Dell,Junkinson,djunkinsoned@un.org,Female,162.11.239.62
519,Mahalia,Mungham,mmunghamee@elpais.com,Female,200.25.23.213
520,Ingeborg,Zamora,izamoraef@cbsnews.com,Female,16.97.103.207
521,Olvan,Bickerdyke,obickerdykeeg@rediff.com,Male,166.232.179.208
522,Marrilee,Autrie,mautrieeh@cnn.com,Female,182.192.165.213
523,Alfreda,Insko,ainskoei@a8.net,Female,114.240.185.55
524,Hermie,Lamden,hlamdenej@photobucket.com,Male,15.21.13.31
525,Aryn,Snare,asnareek@amazon.com,Female,227.181.5.55
526,Vincents,Wontner,vwontnerel@apache.org,Male,248.54.78.183
527,Bron,Kliesl,bklieslem@elegantthemes.com,Male,124.10.147.206
528,Matthiew,Issard,missarden@netscape.com,Male,213.138.49.126
529,Witty,Lensch,wlenscheo@discuz.net,Male,241.67.103.193
530,Derrek,Esmead,desmeadep@qq.com,Male,183.31.63.40
531,Goldi,Benzing,gbenzingeq@dmoz.org,Female,228.250.119.166
532,Jenda,Tremblay,jtremblayer@naver.com,Genderqueer,9.183.134.242
533,Tony,Tee,tteees@bandcamp.com,Female,207.99.174.246
534,Margy,Kettlestring,mkettlestringet@biblegateway.com,Female,222.194.212.35
535,Jerrome,Botha,jbothaeu@state.gov,Male,152.252.130.182
536,Flss,Leeming,fleemingev@oaic.gov.au,Female,174.77.220.23
537,Bert,Hamper,bhamperew@wikipedia.org,Male,231.144.146.143
538,Udale,Shercliff,ushercliffex@people.com.cn,Male,137.125.202.237
539,Nell,Fleisch,nfleischey@home.pl,Polygender,199.85.89.230
540,Bernie,Bennington,bbenningtonez@reuters.com,Female,212.78.161.94
541,Ramsey,Gerrish,rgerrishf0@sogou.com,Male,77.222.196.244
542,Dolf,Ostler,dostlerf1@yolasite.com,Male,29.214.42.168
543,Cindelyn,Yockley,cyockleyf2@usa.gov,Female,88.169.6.70
544,Daryn,Chesson,dchessonf3@163.com,Female,235.220.58.85
545,North,Whalebelly,nwhalebellyf4@printfriendly.com,Male,104.234.95.33
546,Konstanze,Rothwell,krothwellf5@businesswire.com,Female,64.219.120.215
547,Pincas,Wrightem,pwrightemf6@slideshare.net,Male,193.29.20.69
548,Warner,Vearncomb,wvearncombf7@wikispaces.com,Male,200.168.64.75
549,Sofia,Croydon,scroydonf8@over-blog.com,Female,205.201.116.144
550,Dorotea,Potteril,dpotterilf9@privacy.gov.au,Female,187.11.58.185
551,Karney,Sharland,ksharlandfa@deliciousdays.com,Male,116.112.169.157
552,Ariella,Kinleyside,akinleysidefb@flavors.me,Female,202.232.64.185
553,Damara,Dary,ddaryfc@princeton.edu,Female,49.68.158.121
554,Ive,Brecher,ibrecherfd@nature.com,Male,16.101.67.144
555,Adelice,Baglin,abaglinfe@hud.gov,Genderfluid,91.67.230.7
556,Harcourt,Braunter,hbraunterff@webmd.com,Male,190.8.144.49
557,Rocky,Wilcockes,rwilcockesfg@google.com.au,Male,90.119.17.82
558,Xaviera,Adamowitz,xadamowitzfh@discuz.net,Female,118.240.95.193
559,Haily,Stainson,hstainsonfi@163.com,Female,46.94.140.190
560,Alvira,Purslow,apurslowfj@domainmarket.com,Female,246.77.63.171
561,Ottilie,Mariel,omarielfk@google.es,Female,161.125.59.146
562,Deva,Whiteside,dwhitesidefl@marketwatch.com,Female,85.185.193.220
563,Yank,Burchmore,yburchmorefm@techcrunch.com,Male,151.74.45.169
564,Elwood,Casford,ecasfordfn@constantcontact.com,Male,118.181.204.246
565,Ave,Tindley,atindleyfo@comsenz.com,Male,22.118.93.160
566,Vincenty,Convery,vconveryfp@narod.ru,Male,35.145.247.253
567,Odella,Imore,oimorefq@zimbio.com,Female,155.192.17.184
568,Christin,Weatherup,cweatherupfr@cpanel.net,Agender,107.98.196.210
569,Winna,Lamers,wlamersfs@zdnet.com,Female,255.194.62.118
570,Kate,Finker,kfinkerft@ezinearticles.com,Female,102.102.53.161
571,Gertruda,Espinha,gespinhafu@google.com.au,Female,90.250.65.204
572,Winfred,Searchfield,wsearchfieldfv@ask.com,Male,205.106.166.109
573,Alyss,Hurdwell,ahurdwellfw@homestead.com,Female,42.177.124.250
574,Yvor,Asaaf,yasaaffx@dot.gov,Male,7.154.90.74
575,Kathye,Clandillon,kclandillonfy@1688.com,Bigender,131.120.113.202
576,Bram,Manifould,bmanifouldfz@oakley.com,Male,113.75.84.7
577,Harvey,Mapplethorpe,hmapplethorpeg0@examiner.com,Male,58.185.236.204
578,Lyon,Kirtland,lkirtlandg1@vk.com,Male,80.97.68.11
579,Nedi,Dominetti,ndominettig2@edublogs.org,Female,194.238.128.27
580,Eartha,Malley,emalleyg3@mail.ru,Female,2.206.38.183
581,Prue,Mimmack,pmimmackg4@topsy.com,Female,87.162.35.132
582,Gayelord,Ord,gordg5@reddit.com,Male,217.169.153.165
583,Judy,Allcroft,jallcroftg6@msu.edu,Female,11.187.35.119
584,Anna,Ife,aifeg7@dagondesign.com,Female,107.212.199.242
585,Quinn,Bernardot,qbernardotg8@etsy.com,Female,97.12.0.189
586,Benedick,Rewan,brewang9@last.fm,Male,54.202.136.214
587,Agatha,Auton,aautonga@census.gov,Female,204.250.228.3
588,Abbey,Shiels,ashielsgb@businessinsider.com,Female,135.244.72.146
589,Hallsy,Gabbotts,hgabbottsgc@dedecms.com,Male,26.241.167.25
590,Ferrell,Desorts,fdesortsgd@usda.gov,Male,203.54.36.184
591,Mignon,Erwin,merwinge@unc.edu,Female,147.63.178.94
592,Edwin,Passion,epassiongf@yahoo.co.jp,Male,111.125.200.234
593,Whittaker,Sargood,wsargoodgg@nytimes.com,Male,33.240.13.133
594,Cam,Hollington,chollingtongh@youtube.com,Agender,213.52.23.169
595,Veronike,Makin,vmakingi@goodreads.com,Female,216.219.130.60
596,Herbie,Linay,hlinaygj@tinyurl.com,Male,24.148.126.113
597,Clare,Brute,cbrutegk@mashable.com,Male,27.7.157.103
598,Harris,Crossfeld,hcrossfeldgl@gravatar.com,Male,86.220.152.74
599,Gusta,Humphrey,ghumphreygm@slate.com,Female,72.248.16.114
600,Avis,Penman,apenmangn@dailymail.co.uk,Female,93.28.155.148
601,Milty,MacPhail,mmacphailgo@360.cn,Male,135.71.194.62
602,Justin,Fayerbrother,jfayerbrothergp@mysql.com,Male,73.26.125.245
603,Rabbi,Copcutt,rcopcuttgq@apache.org,Male,49.102.119.57
604,Nikolaus,Fadden,nfaddengr@wisc.edu,Male,234.249.128.135
605,Leshia,Pococke,lpocockegs@blog.com,Female,149.62.198.6
606,Fee,Dreakin,fdreakingt@nymag.com,Male,75.182.76.102
607,Golda,Moncreif,gmoncreifgu@amazon.com,Female,93.113.100.161
608,Niven,Lurriman,nlurrimangv@nationalgeographic.com,Male,121.14.229.61
609,Rena,Morit,rmoritgw@cargocollective.com,Female,192.194.239.180
610,Heidi,Rash,hrashgx@google.co.uk,Female,57.65.33.187
611,Whitney,Gutowski,wgutowskigy@4shared.com,Male,138.51.60.140
612,Pablo,Lesser,plessergz@cdbaby.com,Male,125.232.253.80
613,Tammi,Delamar,tdelamarh0@hp.com,Female,231.107.187.135
614,Adore,Booker,abookerh1@indiatimes.com,Female,219.21.228.63
615,Caspar,Baltrushaitis,cbaltrushaitish2@spotify.com,Male,191.195.36.86
616,Iggie,Skeech,iskeechh3@dyndns.org,Male,221.218.209.159
617,Cathryn,Calveley,ccalveleyh4@usnews.com,Female,225.101.62.55
618,Halli,Buxam,hbuxamh5@npr.org,Female,103.183.239.120
619,Derrick,Lakeland,dlakelandh6@i2i.jp,Male,131.45.28.189
620,Fina,Manterfield,fmanterfieldh7@friendfeed.com,Bigender,67.28.249.43
621,Ilene,Hubbock,ihubbockh8@dropbox.com,Female,87.221.77.219
622,Farrand,Howerd,fhowerdh9@infoseek.co.jp,Female,44.135.204.204
623,Meyer,Sweatman,msweatmanha@smugmug.com,Male,130.233.79.17
624,Marne,Jordison,mjordisonhb@xinhuanet.com,Female,90.216.31.150
625,Cherilyn,Yarrow,cyarrowhc@ucoz.ru,Female,108.3.194.127
626,Erie,Stroulger,estroulgerhd@4shared.com,Male,90.191.4.232
627,Kara,Prop,kprophe@time.com,Female,6.243.70.84
628,Teddie,Pettko,tpettkohf@symantec.com,Male,127.187.77.211
629,Gallagher,Hake,ghakehg@ask.com,Male,246.17.69.181
630,Konstantin,Scollick,kscollickhh@reddit.com,Male,110.212.48.23
631,Cathryn,Woodyer,cwoodyerhi@amazon.de,Female,179.196.71.32
632,Sammy,Kunkel,skunkelhj@yandex.ru,Male,44.81.222.162
633,Davina,Huckstepp,dhuckstepphk@nifty.com,Female,3.29.69.147
634,Chrisse,Cammis,ccammishl@phoca.cz,Male,144.58.246.100
635,Oona,Keune,okeunehm@imdb.com,Female,208.230.109.135
636,Hunfredo,Gilbeart,hgilbearthn@google.de,Male,104.130.69.57
637,Willey,Matis,wmatisho@dot.gov,Male,18.11.222.246
638,Carlin,Hadwick,chadwickhp@wiley.com,Male,155.197.163.39
639,Jamil,Tulloch,jtullochhq@ning.com,Male,80.142.94.75
640,Gabby,Lamlin,glamlinhr@whitehouse.gov,Male,125.36.231.252
641,Jeremias,Tapping,jtappinghs@comsenz.com,Male,236.26.136.50
642,Harv,Nobes,hnobesht@jugem.jp,Male,182.254.15.213
643,Colene,Genney,cgenneyhu@quantcast.com,Female,190.61.108.92
644,Tamma,Eiler,teilerhv@instagram.com,Female,115.29.77.219
645,Allie,Jeram,ajeramhw@nyu.edu,Male,61.246.129.153
646,Francine,Mollene,fmollenehx@google.co.uk,Female,178.26.54.26
647,Alphonse,Draper,adraperhy@discovery.com,Genderfluid,105.92.115.214
648,Ulrich,Maggi,umaggihz@deliciousdays.com,Genderqueer,81.128.78.1
649,Cherey,Heynen,cheyneni0@dedecms.com,Female,80.137.145.164
650,Tarrah,Capron,tcaproni1@liveinternet.ru,Female,166.55.181.36
651,Paco,Carlos,pcarlosi2@instagram.com,Male,32.136.4.224
652,Duane,Shinn,dshinni3@usa.gov,Male,132.197.51.14
653,Madelaine,Broschke,mbroschkei4@wired.com,Female,29.103.67.149
654,Kelvin,Umfrey,kumfreyi5@reference.com,Genderqueer,168.37.244.43
655,Sonny,Gladding,sgladdingi6@ebay.com,Genderfluid,137.60.187.190
656,Robbert,Rait,rraiti7@berkeley.edu,Male,100.29.221.46
657,Raff,Cecil,rcecili8@sphinn.com,Male,214.114.72.248
658,Heidi,Quennell,hquennelli9@mac.com,Female,19.14.66.115
659,Winny,Stilgo,wstilgoia@marriott.com,Male,44.212.142.232
660,Sinclair,Pretious,spretiousib@wordpress.org,Male,133.165.12.26
661,Gay,Node,gnodeic@g.co,Female,113.56.62.102
662,Glynis,Bartleman,gbartlemanid@constantcontact.com,Female,71.242.159.243
663,Sherwood,Dabell,sdabellie@unc.edu,Male,183.83.226.12
664,Jerry,MacAdam,jmacadamif@paginegialle.it,Female,5.159.42.141
665,Melitta,Gabb,mgabbig@is.gd,Female,145.124.252.67
666,Frederick,McEntee,fmcenteeih@hostgator.com,Male,7.248.196.0
667,Kat,Achrameev,kachrameevii@infoseek.co.jp,Female,92.192.11.39
668,Ruggiero,Bonnet,rbonnetij@nytimes.com,Male,76.212.36.226
669,Hi,Bimrose,hbimroseik@pinterest.com,Male,52.143.59.76
670,Kala,Skitral,kskitralil@seattletimes.com,Genderqueer,202.129.241.142
671,Kimmie,Guiel,kguielim@yahoo.com,Female,8.141.76.75
672,Pryce,Lamba,plambain@flickr.com,Male,35.63.113.251
673,Kerby,Valance,kvalanceio@studiopress.com,Male,3.115.26.169
674,Wilton,Mewes,wmewesip@imdb.com,Male,153.187.65.148
675,Danie,Reeken,dreekeniq@t.co,Male,57.101.137.71
676,Bentlee,Gabe,bgabeir@globo.com,Male,66.236.186.48
677,Annabelle,Dell Casa,adellcasais@ucoz.com,Female,141.142.44.39
678,Guillema,Prenty,gprentyit@europa.eu,Female,84.228.226.169
679,Thebault,Cardew,tcardewiu@diigo.com,Male,138.117.108.164
680,Starla,Cocozza,scocozzaiv@t.co,Female,113.114.96.177
681,Gerome,Haynes,ghaynesiw@netlog.com,Male,32.190.167.37
682,Marcela,Tyrrell,mtyrrellix@webnode.com,Female,32.69.37.77
683,Valaria,Killcross,vkillcrossiy@guardian.co.uk,Female,1.250.54.89
684,My,Pawlowicz,mpawlowicziz@sfgate.com,Agender,113.14.179.78
685,Maddie,Calderon,mcalderonj0@cbslocal.com,Male,122.103.216.181
686,Alisander,Barajas,abarajasj1@baidu.com,Male,202.205.92.62
687,Justis,Power,jpowerj2@google.cn,Male,30.112.63.13
688,Shellie,Gasnell,sgasnellj3@quantcast.com,Female,137.83.197.90
689,Rosanne,Devericks,rdevericksj4@technorati.com,Female,148.68.202.40
690,Maria,Brantzen,mbrantzenj5@amazon.co.uk,Female,199.175.116.49
691,Phylis,Boshell,pboshellj6@ebay.com,Female,3.49.104.175
692,Stillmann,Challener,schallenerj7@mail.ru,Male,74.6.31.133
693,Germayne,Robart,grobartj8@jigsy.com,Male,188.38.246.126
694,Beck,Runchman,brunchmanj9@goo.gl,Male,254.206.193.109
695,Irene,Pandie,ipandieja@theguardian.com,Female,36.237.255.116
696,Ibby,Humphrey,ihumphreyjb@theguardian.com,Female,110.155.61.38
697,Saunder,Wennam,swennamjc@smh.com.au,Male,11.245.68.159
698,Moore,Babber,mbabberjd@samsung.com,Genderqueer,102.140.27.250
699,Fraser,Lyston,flystonje@zimbio.com,Male,146.248.15.46
700,Oswald,Fassan,ofassanjf@eepurl.com,Male,208.210.240.249
701,Jule,Claxson,jclaxsonjg@webeden.co.uk,Bigender,168.51.228.36
702,Sari,Rendell,srendelljh@xing.com,Female,130.29.6.191
703,Walden,Giannini,wgianniniji@gravatar.com,Male,242.5.60.180
704,Lynn,Coraini,lcorainijj@diigo.com,Female,170.231.51.18
705,Enriqueta,Downage,edownagejk@chron.com,Female,3.36.123.179
706,Benedetta,Earle,bearlejl@desdev.cn,Female,200.146.247.164
707,Reagen,Suscens,rsuscensjm@ed.gov,Male,110.17.20.25
708,Elias,Phonix,ephonixjn@berkeley.edu,Male,117.92.168.165
709,Petronilla,Gokes,pgokesjo@dailymotion.com,Female,16.74.234.26
710,Alvan,Wrettum,awrettumjp@washington.edu,Male,145.31.255.97
711,Robert,Milsted,rmilstedjq@usa.gov,Male,161.235.12.85
712,Maximo,Reedyhough,mreedyhoughjr@ucsd.edu,Male,132.52.142.150
713,Kellby,Norcliffe,knorcliffejs@bbb.org,Male,137.180.168.88
714,Zonda,Kermon,zkermonjt@dagondesign.com,Female,120.200.212.102
715,Ainslee,Greest,agreestju@pbs.org,Genderfluid,23.125.230.29
716,Haskell,Weathers,hweathersjv@state.gov,Male,200.105.203.9
717,Corrine,Menghi,cmenghijw@chronoengine.com,Bigender,157.229.58.229
718,Jedediah,Francis,jfrancisjx@arstechnica.com,Male,2.88.30.167
719,Erma,Hazell,ehazelljy@census.gov,Female,217.151.2.167
720,Rinaldo,Carlow,rcarlowjz@icq.com,Male,98.114.142.27
721,Doris,Hansen,dhansenk0@cargocollective.com,Polygender,183.53.88.202
722,Harper,Stoney,hstoneyk1@wsj.com,Genderqueer,178.39.245.77
723,Konstanze,Villaron,kvillaronk2@exblog.jp,Female,53.218.128.161
724,Forester,Orwin,forwink3@deviantart.com,Male,239.235.121.48
725,Lezlie,Cope,lcopek4@amazon.co.jp,Female,133.35.12.64
726,Coletta,Sictornes,csictornesk5@zdnet.com,Female,176.141.181.157
727,Dennie,Walter,dwalterk6@ycombinator.com,Female,57.109.237.46
728,Josias,Macknish,jmacknishk7@example.com,Male,3.160.235.250
729,Derrik,Fost,dfostk8@miibeian.gov.cn,Male,150.249.242.240
730,Vanni,Honywill,vhonywillk9@cdbaby.com,Female,39.79.230.100
731,Garvey,Chitty,gchittyka@chronoengine.com,Male,188.241.52.80
732,Tull,Stitch,tstitchkb@scribd.com,Male,78.116.11.28
733,Latrina,Poynser,lpoynserkc@typepad.com,Female,109.28.6.9
734,Georgeanna,Elcy,gelcykd@dedecms.com,Female,164.87.199.252
735,Loria,Moogan,lmooganke@techcrunch.com,Female,60.241.21.122
736,Carver,Yeoman,cyeomankf@home.pl,Male,205.141.234.121
737,Kristin,Connochie,kconnochiekg@godaddy.com,Female,179.205.123.103
738,Stanton,Mylan,smylankh@ucsd.edu,Male,71.3.183.226
739,Alistair,Robinett,arobinettki@altervista.org,Male,160.98.173.221
740,Paige,Goodsal,pgoodsalkj@dedecms.com,Bigender,134.42.30.176
741,Aeriela,Bohler,abohlerkk@digg.com,Female,171.160.91.231
742,Vernon,Tregian,vtregiankl@engadget.com,Male,11.76.74.1
743,Oby,Pighills,opighillskm@merriam-webster.com,Male,65.150.77.74
744,Davin,Varley,dvarleykn@rediff.com,Male,119.198.253.152
745,Reginald,Driver,rdriverko@sciencedaily.com,Polygender,53.135.179.148
746,Zsazsa,Eagles,zeagleskp@hhs.gov,Female,123.98.94.170
747,Phedra,Marcombe,pmarcombekq@privacy.gov.au,Female,225.93.60.196
748,Ellissa,Spikeings,espikeingskr@shutterfly.com,Female,104.213.50.234
749,Mariann,Lawey,mlaweyks@japanpost.jp,Female,175.104.188.250
750,Obie,Greenwood,ogreenwoodkt@cnn.com,Male,170.215.86.81
751,Sonnie,Gratrix,sgratrixku@archive.org,Female,82.142.56.122
752,Deb,Casari,dcasarikv@exblog.jp,Female,11.141.188.164
753,Kittie,Oxlade,koxladekw@admin.ch,Female,107.137.168.233
754,Abbe,Mundall,amundallkx@sphinn.com,Female,202.222.80.116
755,Ramsay,Melmar,rmelmarky@engadget.com,Male,63.236.172.64
756,Pincas,Georgins,pgeorginskz@loc.gov,Male,169.139.229.227
757,Carlo,Sponer,csponerl0@zdnet.com,Male,241.96.153.63
758,Raymond,Dillway,rdillwayl1@seattletimes.com,Male,140.200.137.207
759,Barnaby,Grim,bgriml2@businesswire.com,Male,223.69.27.43
760,Joey,Meiklem,jmeikleml3@eventbrite.com,Male,121.38.88.211
761,Randee,Caldecourt,rcaldecourtl4@blogs.com,Female,36.55.22.16
762,Ezekiel,Nollet,enolletl5@yahoo.co.jp,Male,84.208.72.93
763,Alvis,Andor,aandorl6@google.com.br,Male,158.97.241.99
764,Haley,Taplow,htaplowl7@live.com,Female,98.166.194.240
765,Devina,Beadles,dbeadlesl8@sciencedaily.com,Female,192.78.126.170
766,Jacklin,Dockrill,jdockrilll9@mayoclinic.com,Female,191.254.206.190
767,Reinhard,Batie,rbatiela@google.fr,Male,111.238.213.60
768,Marco,McDonagh,mmcdonaghlb@google.de,Male,205.185.87.214
769,Adriaens,Matthias,amatthiaslc@elegantthemes.com,Female,197.46.18.56
770,Ramonda,Clipsham,rclipshamld@alibaba.com,Female,83.163.118.184
771,Kiley,MacDougal,kmacdougalle@github.io,Male,201.114.63.9
772,Mead,MacGuffie,mmacguffielf@mtv.com,Female,146.67.98.140
773,Brandtr,Bassindale,bbassindalelg@ibm.com,Male,59.208.55.202
774,Rafaelita,Edworthy,redworthylh@intel.com,Female,18.24.81.183
775,Lefty,Allitt,lallittli@fema.gov,Male,68.124.74.59
776,Nomi,Brothwell,nbrothwelllj@hao123.com,Female,46.189.211.227
777,Merilee,Dryburgh,mdryburghlk@canalblog.com,Agender,105.40.28.179
778,Slade,O'Cassidy,socassidyll@google.ru,Male,36.159.223.12
779,Nani,Dowty,ndowtylm@tiny.cc,Female,40.176.194.131
780,Krystyna,Vairow,kvairowln@xinhuanet.com,Female,133.131.115.185
781,Kirbie,Vasovic,kvasoviclo@dropbox.com,Female,25.147.97.132
782,Findlay,Ninnoli,fninnolilp@networkadvertising.org,Male,108.25.196.91
783,Ransell,Sausman,rsausmanlq@unc.edu,Male,227.81.246.99
784,Enrico,Werny,ewernylr@wikia.com,Male,83.3.75.75
785,Merissa,Gudgeon,mgudgeonls@livejournal.com,Female,199.16.12.245
786,Natty,Betser,nbetserlt@seattletimes.com,Male,237.4.254.24
787,Dunc,Gawkes,dgawkeslu@biglobe.ne.jp,Male,30.9.173.201
788,Edith,Matthiae,ematthiaelv@unblog.fr,Female,184.117.43.97
789,Catherine,Beneyto,cbeneytolw@feedburner.com,Female,0.32.73.244
790,Elsa,Jovey,ejoveylx@acquirethisname.com,Female,51.224.209.140
791,Barrett,Full,bfullly@chronoengine.com,Bigender,218.105.220.192
792,Stern,Houlworth,shoulworthlz@nih.gov,Male,226.244.188.173
793,Garv,Belsham,gbelshamm0@wikia.com,Male,53.167.35.121
794,Georgy,Bowich,gbowichm1@tmall.com,Male,19.70.116.56
795,Loleta,Dagwell,ldagwellm2@nymag.com,Female,188.67.222.119
796,Faye,Kelle,fkellem3@theatlantic.com,Agender,19.183.114.177
797,Brade,Rude,brudem4@mediafire.com,Male,182.131.122.160
798,Martha,Broinlich,mbroinlichm5@bloglines.com,Female,33.112.179.96
799,Marthe,Deville,mdevillem6@alexa.com,Female,32.64.208.248
800,Gan,Sackett,gsackettm7@technorati.com,Non-binary,181.81.47.234
801,Eleonore,Skeath,eskeathm8@mysql.com,Female,78.141.187.183
802,Blondell,Althrop,balthropm9@yandex.ru,Female,91.247.215.131
803,Arni,Sket,asketma@sogou.com,Male,109.116.178.46
804,Rainer,Lies,rliesmb@addtoany.com,Male,235.215.100.25
805,Kellie,Durtnell,kdurtnellmc@wikia.com,Female,105.93.75.137
806,Libby,Egar,legarmd@pbs.org,Female,85.149.124.163
807,Auberta,Streeton,astreetonme@gizmodo.com,Non-binary,216.69.214.251
808,Jamie,Monck,jmonckmf@arizona.edu,Male,173.166.132.109
809,Toddy,Peacher,tpeachermg@istockphoto.com,Male,240.79.244.128
810,Camey,Brockbank,cbrockbankmh@mediafire.com,Male,67.30.6.33
811,Cordi,Beri,cberimi@bluehost.com,Polygender,125.54.79.150
812,Giustino,Sellick,gsellickmj@bloomberg.com,Non-binary,26.98.208.203
813,Elly,Benes,ebenesmk@mashable.com,Female,108.240.189.167
814,Reinaldos,Slatten,rslattenml@soundcloud.com,Male,75.159.73.188
815,Vania,Yorath,vyorathmm@squarespace.com,Female,252.85.168.127
816,Aura,Jeves,ajevesmn@pcworld.com,Female,214.11.116.250
817,Jarrad,Linton,jlintonmo@icq.com,Male,125.229.222.185
818,Cassey,Sharrocks,csharrocksmp@nytimes.com,Female,63.254.44.202
819,Nollie,Crumby,ncrumbymq@google.co.uk,Male,221.90.77.48
820,Zora,Arlett,zarlettmr@dropbox.com,Female,12.235.35.159
821,Gabriella,Yemm,gyemmms@devhub.com,Female,158.98.230.84
822,Sanders,Mattiessen,smattiessenmt@loc.gov,Genderqueer,171.172.145.185
823,Herc,Dymidowski,hdymidowskimu@mozilla.org,Male,60.78.195.125
824,Sampson,Haggeth,shaggethmv@latimes.com,Male,186.215.255.246
825,Grantham,Obee,gobeemw@noaa.gov,Male,193.96.165.121
826,Rhody,Evitts,revittsmx@princeton.edu,Polygender,116.242.191.92
827,Sylvan,Chater,schatermy@nbcnews.com,Male,245.197.36.251
828,Rodney,Mattersey,rmatterseymz@harvard.edu,Genderqueer,131.205.148.91
829,Wayland,Renish,wrenishn0@163.com,Male,203.163.178.64
830,Merl,Drennan,mdrennann1@yandex.ru,Bigender,5.120.161.8
831,Benjy,Kingsford,bkingsfordn2@eepurl.com,Male,189.195.196.68
832,Elna,MacCole,emaccolen3@discovery.com,Female,232.51.255.63
833,Otto,Mews,omewsn4@cnet.com,Male,34.221.77.10
834,Arv,Simmonite,asimmoniten5@hostgator.com,Male,88.86.218.216
835,Trumann,Kitchiner,tkitchinern6@taobao.com,Male,22.150.211.248
836,Rachele,Preece,rpreecen7@jalbum.net,Female,180.122.190.54
837,Obediah,Dinsell,odinselln8@businessinsider.com,Male,24.174.51.145
838,Mikkel,Colombier,mcolombiern9@bigcartel.com,Male,15.97.210.194
839,Goldarina,Brydson,gbrydsonna@nhs.uk,Female,79.21.140.133
840,Caren,Padbery,cpadberynb@mit.edu,Female,250.137.149.49
841,Ancell,Durtnall,adurtnallnc@privacy.gov.au,Male,136.183.219.10
842,Abeu,Underdown,aunderdownnd@sfgate.com,Male,252.56.176.121
843,Genevra,Pendergast,gpendergastne@so-net.ne.jp,Female,48.31.13.175
844,Benedicta,Wylie,bwylienf@cnn.com,Female,87.46.215.132
845,Rivy,Halahan,rhalahanng@tuttocitta.it,Genderqueer,234.167.203.218
846,Walker,Mephan,wmephannh@ocn.ne.jp,Polygender,58.24.30.108
847,Kassie,Hallam,khallamni@livejournal.com,Genderfluid,52.118.198.104
848,Pernell,Vicar,pvicarnj@posterous.com,Male,207.98.178.237
849,Shaine,Antoniades,santoniadesnk@cornell.edu,Female,26.235.246.3
850,Rozanne,Hatherell,rhatherellnl@dropbox.com,Female,175.109.51.139
851,Yuma,De Blasiis,ydeblasiisnm@skyrock.com,Male,253.46.50.213
852,Bernardo,Cleeton,bcleetonnn@flavors.me,Male,206.80.219.82
853,Orren,Ings,oingsno@ning.com,Male,235.53.204.203
854,Merola,Fivey,mfiveynp@cnbc.com,Female,196.163.188.4
855,Shell,Chrismas,schrismasnq@taobao.com,Female,141.134.209.114
856,Omero,Kinsella,okinsellanr@reference.com,Male,116.13.15.65
857,Gilly,Ennion,gennionns@alibaba.com,Female,180.8.28.255
858,Rip,Rosenbloom,rrosenbloomnt@cbc.ca,Male,245.205.82.193
859,Joice,Tulloch,jtullochnu@liveinternet.ru,Female,209.114.239.73
860,Alie,Paler,apalernv@sakura.ne.jp,Female,151.182.31.172
861,Igor,McGonnell,imcgonnellnw@sohu.com,Bigender,234.133.9.142
862,Dianna,Peyntue,dpeyntuenx@angelfire.com,Female,153.191.236.122
863,Olia,Biaggelli,obiaggelliny@google.cn,Female,118.110.60.0
864,Alic,Calcraft,acalcraftnz@icio.us,Male,93.191.152.229
865,Lucita,Coonan,lcoonano0@is.gd,Female,65.50.0.198
866,Annabal,Floodgate,afloodgateo1@bizjournals.com,Female,66.118.150.130
867,Pavla,Anyon,panyono2@narod.ru,Female,157.149.94.68
868,Holden,McEneny,hmcenenyo3@europa.eu,Male,248.19.124.165
869,Reina,Mithun,rmithuno4@youtu.be,Female,224.29.184.61
870,Gisella,Domerque,gdomerqueo5@google.it,Female,186.60.86.93
871,Osbert,Welsby,owelsbyo6@parallels.com,Male,61.164.5.178
872,Gifford,Merit,gmerito7@yahoo.co.jp,Male,86.235.128.104
873,Sally,Sprowles,ssprowleso8@who.int,Female,6.143.13.246
874,Torrin,Bourdis,tbourdiso9@accuweather.com,Male,174.150.150.237
875,Locke,Mallya,lmallyaoa@alexa.com,Genderfluid,242.164.103.22
876,Annabal,Huff,ahuffob@newyorker.com,Female,57.194.230.204
877,Dione,Amiable,damiableoc@yahoo.co.jp,Female,44.143.212.209
878,Gran,Keeley,gkeeleyod@google.ru,Male,35.16.89.57
879,Malvin,Hampton,mhamptonoe@ovh.net,Male,103.202.253.55
880,Burnaby,Bourgourd,bbourgourdof@yahoo.com,Male,249.178.212.52
881,Hart,Flescher,hflescherog@economist.com,Male,212.77.186.215
882,Roselin,Rouby,rroubyoh@sciencedaily.com,Female,190.75.64.235
883,Juli,Tripean,jtripeanoi@posterous.com,Female,236.232.88.98
884,Ellsworth,Fetherston,efetherstonoj@ask.com,Male,180.75.136.218
885,Klement,Peiser,kpeiserok@cisco.com,Male,169.155.159.50
886,Shea,Ebdin,sebdinol@sakura.ne.jp,Male,41.119.141.49
887,Merola,Jellis,mjellisom@hexun.com,Female,41.189.128.141
888,Ivory,Vasyunichev,ivasyunichevon@epa.gov,Female,31.220.191.126
889,Jenny,Danhel,jdanheloo@youku.com,Female,20.106.242.73
890,Sybilla,Larwell,slarwellop@stanford.edu,Female,29.31.42.153
891,Sandy,Chalmers,schalmersoq@state.tx.us,Female,165.52.104.31
892,Aubrey,Dexter,adexteror@yelp.com,Male,216.114.95.139
893,Ernesta,Carnaman,ecarnamanos@bluehost.com,Female,165.83.154.45
894,Rancell,Haime,rhaimeot@spotify.com,Male,170.211.14.173
895,Marna,Eicheler,meichelerou@bbb.org,Female,39.182.242.254
896,Adelle,Perel,aperelov@about.com,Female,182.142.236.248
897,Sileas,Novakovic,snovakovicow@apache.org,Female,241.23.52.132
898,Hugues,Chenery,hcheneryox@1688.com,Male,52.96.161.71
899,Willabella,McCrillis,wmccrillisoy@google.co.uk,Female,225.220.36.148
900,Ilise,Simmgen,isimmgenoz@intel.com,Female,134.225.152.32
901,Evvy,Vann,evannp0@edublogs.org,Female,213.18.227.179
902,Elladine,Ivashov,eivashovp1@people.com.cn,Female,114.114.93.217
903,Kile,Bliss,kblissp2@dion.ne.jp,Male,156.101.126.127
904,Read,Neat,rneatp3@dropbox.com,Male,118.61.95.225
905,Chelsey,Crock,ccrockp4@sphinn.com,Female,22.239.181.45
906,Carlye,Paris,cparisp5@washingtonpost.com,Polygender,13.73.232.152
907,Winthrop,Moens,wmoensp6@bravesites.com,Male,73.13.45.28
908,Darb,Bembridge,dbembridgep7@hc360.com,Male,180.231.168.12
909,Sydney,Pucknell,spucknellp8@sciencedirect.com,Female,230.90.21.50
910,Aleksandr,Avrahamov,aavrahamovp9@telegraph.co.uk,Bigender,133.21.225.159
911,Anatole,Shotbolt,ashotboltpa@redcross.org,Male,145.241.250.113
912,Drugi,Danhel,ddanhelpb@posterous.com,Male,153.11.46.153
913,Chandal,Janson,cjansonpc@amazon.co.uk,Bigender,175.155.52.188
914,Colin,Le Provost,cleprovostpd@networkadvertising.org,Male,185.123.190.122
915,Aubrie,Thackray,athackraype@github.io,Female,68.254.52.127
916,Georgianne,Sayburn,gsayburnpf@opensource.org,Female,190.107.109.209
917,Brennan,Pelchat,bpelchatpg@dailymail.co.uk,Male,212.20.34.159
918,Lorne,Tassell,ltassellph@networksolutions.com,Female,182.184.84.98
919,Laney,Ling,llingpi@bravesites.com,Male,145.224.63.229
920,Joann,Izon,jizonpj@eepurl.com,Female,78.251.33.187
921,Skyler,Duckers,sduckerspk@dailymotion.com,Male,173.163.246.153
922,Baxie,Aleshintsev,baleshintsevpl@independent.co.uk,Male,45.236.228.165
923,Glenn,Magrannell,gmagrannellpm@discovery.com,Female,78.95.130.198
924,Georgette,Ferronier,gferronierpn@ca.gov,Female,232.141.222.127
925,Otto,Silverman,osilvermanpo@google.it,Male,194.127.113.5
926,Harmony,Dofty,hdoftypp@howstuffworks.com,Female,114.122.80.11
927,Odey,Taffrey,otaffreypq@so-net.ne.jp,Male,142.104.5.126
928,Lanny,Couldwell,lcouldwellpr@amazon.co.jp,Male,186.159.189.47
929,Colin,Fatscher,cfatscherps@usda.gov,Male,95.250.91.0
930,Tammi,Crenage,tcrenagept@joomla.org,Female,249.154.244.186
931,Kayle,Quaif,kquaifpu@google.fr,Female,162.244.230.198
932,Nanice,Oakton,noaktonpv@netvibes.com,Female,23.37.253.85
933,Toiboid,Coslett,tcoslettpw@privacy.gov.au,Male,209.68.96.18
934,Valentin,Cosson,vcossonpx@qq.com,Male,156.255.64.23
935,Eddy,Stapford,estapfordpy@facebook.com,Female,133.207.254.239
936,Dora,Giorgetti,dgiorgettipz@google.es,Genderqueer,186.208.202.255
937,Levi,Wisson,lwissonq0@ibm.com,Male,222.204.174.193
938,Durward,Drohun,ddrohunq1@ucoz.com,Male,157.198.155.106
939,Clayborn,McCaghan,cmccaghanq2@360.cn,Male,177.78.52.79
940,Almire,Pipkin,apipkinq3@upenn.edu,Female,168.144.1.110
941,Yolane,Kiloh,ykilohq4@scribd.com,Female,128.27.64.139
942,Adolphe,Etteridge,aetteridgeq5@blogspot.com,Male,202.148.152.206
943,Chalmers,Truelove,ctrueloveq6@dagondesign.com,Male,18.54.159.196
944,Emma,Gallifont,egallifontq7@instagram.com,Female,130.160.197.9
945,Filide,Martusov,fmartusovq8@wix.com,Genderqueer,48.183.162.82
946,Mirabel,Giocannoni,mgiocannoniq9@indiatimes.com,Female,40.70.39.79
947,Lee,Ladon,lladonqa@about.com,Male,50.178.14.214
948,Shoshanna,Moors,smoorsqb@fc2.com,Female,107.78.176.23
949,Constancia,Cantwell,ccantwellqc@furl.net,Female,122.184.129.40
950,Hector,Heinig,hheinigqd@java.com,Male,140.63.150.76
951,Brandise,Curneen,bcurneenqe@cbslocal.com,Female,219.218.12.174
952,Alano,Melledy,amelledyqf@people.com.cn,Male,151.211.244.178
953,Lowe,Bunning,lbunningqg@about.com,Male,164.115.164.92
954,Carney,Dyos,cdyosqh@ask.com,Male,10.192.64.204
955,Alvis,Crusham,acrushamqi@newyorker.com,Male,235.235.198.90
956,Conny,Goodey,cgoodeyqj@elpais.com,Genderqueer,190.241.79.13
957,Layla,Olyff,lolyffqk@google.de,Female,53.56.28.102
958,Jammie,Wasiela,jwasielaql@msn.com,Female,171.216.173.124
959,Culver,Danser,cdanserqm@tripod.com,Male,89.6.153.166
960,Carry,Abberley,cabberleyqn@sfgate.com,Female,199.182.47.69
961,Johna,Reeve,jreeveqo@homestead.com,Female,114.0.47.73
962,Kalvin,Shute,kshuteqp@cmu.edu,Polygender,21.111.248.162
963,Verge,Kiera,vkieraqq@reverbnation.com,Male,187.6.60.190
964,Madelyn,Jesteco,mjestecoqr@cnet.com,Female,96.184.165.206
965,Sheff,McQuilliam,smcquilliamqs@go.com,Male,58.110.18.8
966,Alvera,Lyven,alyvenqt@ucoz.com,Female,50.196.236.42
967,Hart,Hub,hhubqu@bbb.org,Male,141.69.63.76
968,Gusella,Rowan,growanqv@auda.org.au,Female,43.102.254.157
969,Brita,Nunnerley,bnunnerleyqw@ebay.com,Bigender,6.184.212.86
970,Adore,Carslaw,acarslawqx@networkadvertising.org,Female,88.117.19.156
971,Hilly,Ovesen,hovesenqy@businessinsider.com,Genderfluid,11.6.98.136
972,Normy,Harrell,nharrellqz@nhs.uk,Male,240.113.222.124
973,Gregorius,Butterfield,gbutterfieldr0@twitpic.com,Male,59.252.98.153
974,Katlin,Merredy,kmerredyr1@bluehost.com,Female,99.194.27.67
975,Astrix,Pasquale,apasqualer2@state.tx.us,Female,191.40.176.127
976,Demetria,Rosendale,drosendaler3@cnn.com,Female,41.162.230.17
977,Frederick,Bellew,fbellewr4@telegraph.co.uk,Male,143.54.235.24
978,Bradford,Tebbe,btebber5@usa.gov,Genderfluid,190.41.138.98
979,Ramonda,Overshott,rovershottr6@va.gov,Female,66.77.72.213
980,Torry,Birnie,tbirnier7@hugedomains.com,Male,70.2.221.185
981,Dev,Preator,dpreatorr8@ca.gov,Male,8.144.240.20
982,Davon,Venediktov,dvenediktovr9@smugmug.com,Male,254.69.87.184
983,Star,Beert,sbeertra@sfgate.com,Female,246.80.198.179
984,Lorry,Wilkin,lwilkinrb@hhs.gov,Female,24.250.57.9
985,Darcy,Crimin,dcriminrc@cnbc.com,Male,142.132.155.101
986,Lydie,Kilner,lkilnerrd@apple.com,Female,78.100.200.21
987,Kristi,MacCracken,kmaccrackenre@google.es,Female,242.71.20.131
988,Nappy,Skeels,nskeelsrf@typepad.com,Genderfluid,7.28.115.196
989,Poul,Le feaver,plefeaverrg@redcross.org,Male,63.17.177.44
990,Leann,Gregs,lgregsrh@free.fr,Female,224.33.60.47
991,Dinnie,Winson,dwinsonri@dagondesign.com,Female,118.56.72.7
992,Auberon,Walcher,awalcherrj@techcrunch.com,Male,200.171.232.174
993,Birgit,Ivancevic,bivancevicrk@furl.net,Female,107.215.123.152
994,Isidore,Simakov,isimakovrl@t-online.de,Male,110.122.178.121
995,Rafferty,Linacre,rlinacrerm@pagesperso-orange.fr,Male,161.64.230.109
996,Rochester,Philipart,rphilipartrn@yellowpages.com,Male,3.234.93.148
997,Janela,Jumonet,jjumonetro@studiopress.com,Female,246.114.160.223
998,Rebecca,Clowes,rclowesrp@arizona.edu,Female,124.231.6.247
999,Dorris,Glantz,dglantzrq@blogger.com,Female,170.248.78.167
1000,Conroy,Izat,cizatrr@fema.gov,Male,192.216.3.12
